run_id,timestamp,owner,protocol,fold,feature_config,model,hyperparams,accuracy,macro_f1,notes
53bdefac,2026-08-22T12:16:33+00:00,sahitya1179,speaker_independent,0,mfcc40-d-dd-mean_std-trim,svm-rbf,"{""C"": 1.0, ""break_ties"": false, ""cache_size"": 200, ""class_weight"": null, ""coef0"": 0.0, ""decision_function_shape"": ""ovr"", ""degree"": 3, ""gamma"": ""scale"", ""kernel"": ""rbf"", ""max_iter"": -1, ""probability"": ""deprecated"", ""random_state"": 42, ""shrinking"": true, ""tol"": 0.001, ""verbose"": false}",0.466667,0.472106,"phase-5 floor, default hyperparameters"
cb3ea994,2026-08-22T12:16:33+00:00,sahitya1179,speaker_independent,1,mfcc40-d-dd-mean_std-trim,svm-rbf,"{""C"": 1.0, ""break_ties"": false, ""cache_size"": 200, ""class_weight"": null, ""coef0"": 0.0, ""decision_function_shape"": ""ovr"", ""degree"": 3, ""gamma"": ""scale"", ""kernel"": ""rbf"", ""max_iter"": -1, ""probability"": ""deprecated"", ""random_state"": 42, ""shrinking"": true, ""tol"": 0.001, ""verbose"": false}",0.526667,0.507006,"phase-5 floor, default hyperparameters"
28ad50e2,2026-08-22T12:16:34+00:00,sahitya1179,speaker_independent,2,mfcc40-d-dd-mean_std-trim,svm-rbf,"{""C"": 1.0, ""break_ties"": false, ""cache_size"": 200, ""class_weight"": null, ""coef0"": 0.0, ""decision_function_shape"": ""ovr"", ""degree"": 3, ""gamma"": ""scale"", ""kernel"": ""rbf"", ""max_iter"": -1, ""probability"": ""deprecated"", ""random_state"": 42, ""shrinking"": true, ""tol"": 0.001, ""verbose"": false}",0.613333,0.603608,"phase-5 floor, default hyperparameters"
42de05ae,2026-08-22T12:16:34+00:00,sahitya1179,speaker_independent,3,mfcc40-d-dd-mean_std-trim,svm-rbf,"{""C"": 1.0, ""break_ties"": false, ""cache_size"": 200, ""class_weight"": null, ""coef0"": 0.0, ""decision_function_shape"": ""ovr"", ""degree"": 3, ""gamma"": ""scale"", ""kernel"": ""rbf"", ""max_iter"": -1, ""probability"": ""deprecated"", ""random_state"": 42, ""shrinking"": true, ""tol"": 0.001, ""verbose"": false}",0.483333,0.430086,"phase-5 floor, default hyperparameters"
cf005725,2026-08-22T12:16:34+00:00,sahitya1179,speaker_independent,4,mfcc40-d-dd-mean_std-trim,svm-rbf,"{""C"": 1.0, ""break_ties"": false, ""cache_size"": 200, ""class_weight"": null, ""coef0"": 0.0, ""decision_function_shape"": ""ovr"", ""degree"": 3, ""gamma"": ""scale"", ""kernel"": ""rbf"", ""max_iter"": -1, ""probability"": ""deprecated"", ""random_state"": 42, ""shrinking"": true, ""tol"": 0.001, ""verbose"": false}",0.475,0.442227,"phase-5 floor, default hyperparameters"
ac0a91f7,2026-08-22T12:16:34+00:00,sahitya1179,speaker_independent,pooled,mfcc40-d-dd-mean_std-trim,svm-rbf,"{""C"": 1.0, ""break_ties"": false, ""cache_size"": 200, ""class_weight"": null, ""coef0"": 0.0, ""decision_function_shape"": ""ovr"", ""degree"": 3, ""gamma"": ""scale"", ""kernel"": ""rbf"", ""max_iter"": -1, ""probability"": ""deprecated"", ""random_state"": 42, ""shrinking"": true, ""tol"": 0.001, ""verbose"": false}",0.514583,0.498023,"phase-5 floor, default hyperparameters (pooled out-of-fold)"
5e454c62,2026-08-22T12:16:34+00:00,sahitya1179,random_stratified,0,mfcc40-d-dd-mean_std-trim,svm-rbf,"{""C"": 1.0, ""break_ties"": false, ""cache_size"": 200, ""class_weight"": null, ""coef0"": 0.0, ""decision_function_shape"": ""ovr"", ""degree"": 3, ""gamma"": ""scale"", ""kernel"": ""rbf"", ""max_iter"": -1, ""probability"": ""deprecated"", ""random_state"": 42, ""shrinking"": true, ""tol"": 0.001, ""verbose"": false}",0.607639,0.584671,"phase-5 floor, default hyperparameters"
589e46d5,2026-08-22T12:16:34+00:00,sahitya1179,random_stratified,1,mfcc40-d-dd-mean_std-trim,svm-rbf,"{""C"": 1.0, ""break_ties"": false, ""cache_size"": 200, ""class_weight"": null, ""coef0"": 0.0, ""decision_function_shape"": ""ovr"", ""degree"": 3, ""gamma"": ""scale"", ""kernel"": ""rbf"", ""max_iter"": -1, ""probability"": ""deprecated"", ""random_state"": 42, ""shrinking"": true, ""tol"": 0.001, ""verbose"": false}",0.6875,0.686839,"phase-5 floor, default hyperparameters"
df6d95a0,2026-08-22T12:16:35+00:00,sahitya1179,random_stratified,2,mfcc40-d-dd-mean_std-trim,svm-rbf,"{""C"": 1.0, ""break_ties"": false, ""cache_size"": 200, ""class_weight"": null, ""coef0"": 0.0, ""decision_function_shape"": ""ovr"", ""degree"": 3, ""gamma"": ""scale"", ""kernel"": ""rbf"", ""max_iter"": -1, ""probability"": ""deprecated"", ""random_state"": 42, ""shrinking"": true, ""tol"": 0.001, ""verbose"": false}",0.666667,0.629275,"phase-5 floor, default hyperparameters"
8a18b5e0,2026-08-22T12:16:35+00:00,sahitya1179,random_stratified,3,mfcc40-d-dd-mean_std-trim,svm-rbf,"{""C"": 1.0, ""break_ties"": false, ""cache_size"": 200, ""class_weight"": null, ""coef0"": 0.0, ""decision_function_shape"": ""ovr"", ""degree"": 3, ""gamma"": ""scale"", ""kernel"": ""rbf"", ""max_iter"": -1, ""probability"": ""deprecated"", ""random_state"": 42, ""shrinking"": true, ""tol"": 0.001, ""verbose"": false}",0.642361,0.634889,"phase-5 floor, default hyperparameters"
e803de66,2026-08-22T12:16:35+00:00,sahitya1179,random_stratified,4,mfcc40-d-dd-mean_std-trim,svm-rbf,"{""C"": 1.0, ""break_ties"": false, ""cache_size"": 200, ""class_weight"": null, ""coef0"": 0.0, ""decision_function_shape"": ""ovr"", ""degree"": 3, ""gamma"": ""scale"", ""kernel"": ""rbf"", ""max_iter"": -1, ""probability"": ""deprecated"", ""random_state"": 42, ""shrinking"": true, ""tol"": 0.001, ""verbose"": false}",0.65625,0.63504,"phase-5 floor, default hyperparameters"
67ee9bfb,2026-08-22T12:16:35+00:00,sahitya1179,random_stratified,pooled,mfcc40-d-dd-mean_std-trim,svm-rbf,"{""C"": 1.0, ""break_ties"": false, ""cache_size"": 200, ""class_weight"": null, ""coef0"": 0.0, ""decision_function_shape"": ""ovr"", ""degree"": 3, ""gamma"": ""scale"", ""kernel"": ""rbf"", ""max_iter"": -1, ""probability"": ""deprecated"", ""random_state"": 42, ""shrinking"": true, ""tol"": 0.001, ""verbose"": false}",0.652083,0.63646,"phase-5 floor, default hyperparameters (pooled out-of-fold)"
eedd579b,2026-08-22T12:16:35+00:00,sahitya1179,speaker_independent,0,mfcc40-d-dd-mean_std-trim,random-forest,"{""bootstrap"": true, ""ccp_alpha"": 0.0, ""class_weight"": null, ""criterion"": ""gini"", ""max_depth"": null, ""max_features"": ""sqrt"", ""max_leaf_nodes"": null, ""max_samples"": null, ""min_impurity_decrease"": 0.0, ""min_samples_leaf"": 1, ""min_samples_split"": 2, ""min_weight_fraction_leaf"": 0.0, ""monotonic_cst"": null, ""n_estimators"": 100, ""n_jobs"": -1, ""oob_score"": false, ""random_state"": 42, ""verbose"": 0, ""warm_start"": false}",0.373333,0.331363,"phase-5 floor, default hyperparameters"
dc416f7d,2026-08-22T12:16:36+00:00,sahitya1179,speaker_independent,1,mfcc40-d-dd-mean_std-trim,random-forest,"{""bootstrap"": true, ""ccp_alpha"": 0.0, ""class_weight"": null, ""criterion"": ""gini"", ""max_depth"": null, ""max_features"": ""sqrt"", ""max_leaf_nodes"": null, ""max_samples"": null, ""min_impurity_decrease"": 0.0, ""min_samples_leaf"": 1, ""min_samples_split"": 2, ""min_weight_fraction_leaf"": 0.0, ""monotonic_cst"": null, ""n_estimators"": 100, ""n_jobs"": -1, ""oob_score"": false, ""random_state"": 42, ""verbose"": 0, ""warm_start"": false}",0.503333,0.46395,"phase-5 floor, default hyperparameters"
0eb06ba3,2026-08-22T12:16:36+00:00,sahitya1179,speaker_independent,2,mfcc40-d-dd-mean_std-trim,random-forest,"{""bootstrap"": true, ""ccp_alpha"": 0.0, ""class_weight"": null, ""criterion"": ""gini"", ""max_depth"": null, ""max_features"": ""sqrt"", ""max_leaf_nodes"": null, ""max_samples"": null, ""min_impurity_decrease"": 0.0, ""min_samples_leaf"": 1, ""min_samples_split"": 2, ""min_weight_fraction_leaf"": 0.0, ""monotonic_cst"": null, ""n_estimators"": 100, ""n_jobs"": -1, ""oob_score"": false, ""random_state"": 42, ""verbose"": 0, ""warm_start"": false}",0.533333,0.488407,"phase-5 floor, default hyperparameters"
532967d3,2026-08-22T12:16:36+00:00,sahitya1179,speaker_independent,3,mfcc40-d-dd-mean_std-trim,random-forest,"{""bootstrap"": true, ""ccp_alpha"": 0.0, ""class_weight"": null, ""criterion"": ""gini"", ""max_depth"": null, ""max_features"": ""sqrt"", ""max_leaf_nodes"": null, ""max_samples"": null, ""min_impurity_decrease"": 0.0, ""min_samples_leaf"": 1, ""min_samples_split"": 2, ""min_weight_fraction_leaf"": 0.0, ""monotonic_cst"": null, ""n_estimators"": 100, ""n_jobs"": -1, ""oob_score"": false, ""random_state"": 42, ""verbose"": 0, ""warm_start"": false}",0.51,0.452759,"phase-5 floor, default hyperparameters"
361c64c6,2026-08-22T12:16:36+00:00,sahitya1179,speaker_independent,4,mfcc40-d-dd-mean_std-trim,random-forest,"{""bootstrap"": true, ""ccp_alpha"": 0.0, ""class_weight"": null, ""criterion"": ""gini"", ""max_depth"": null, ""max_features"": ""sqrt"", ""max_leaf_nodes"": null, ""max_samples"": null, ""min_impurity_decrease"": 0.0, ""min_samples_leaf"": 1, ""min_samples_split"": 2, ""min_weight_fraction_leaf"": 0.0, ""monotonic_cst"": null, ""n_estimators"": 100, ""n_jobs"": -1, ""oob_score"": false, ""random_state"": 42, ""verbose"": 0, ""warm_start"": false}",0.404167,0.356961,"phase-5 floor, default hyperparameters"
44121d85,2026-08-22T12:16:37+00:00,sahitya1179,speaker_independent,pooled,mfcc40-d-dd-mean_std-trim,random-forest,"{""bootstrap"": true, ""ccp_alpha"": 0.0, ""class_weight"": null, ""criterion"": ""gini"", ""max_depth"": null, ""max_features"": ""sqrt"", ""max_leaf_nodes"": null, ""max_samples"": null, ""min_impurity_decrease"": 0.0, ""min_samples_leaf"": 1, ""min_samples_split"": 2, ""min_weight_fraction_leaf"": 0.0, ""monotonic_cst"": null, ""n_estimators"": 100, ""n_jobs"": -1, ""oob_score"": false, ""random_state"": 42, ""verbose"": 0, ""warm_start"": false}",0.467361,0.423138,"phase-5 floor, default hyperparameters (pooled out-of-fold)"
15e69c14,2026-08-22T12:16:37+00:00,sahitya1179,random_stratified,0,mfcc40-d-dd-mean_std-trim,random-forest,"{""bootstrap"": true, ""ccp_alpha"": 0.0, ""class_weight"": null, ""criterion"": ""gini"", ""max_depth"": null, ""max_features"": ""sqrt"", ""max_leaf_nodes"": null, ""max_samples"": null, ""min_impurity_decrease"": 0.0, ""min_samples_leaf"": 1, ""min_samples_split"": 2, ""min_weight_fraction_leaf"": 0.0, ""monotonic_cst"": null, ""n_estimators"": 100, ""n_jobs"": -1, ""oob_score"": false, ""random_state"": 42, ""verbose"": 0, ""warm_start"": false}",0.5625,0.532731,"phase-5 floor, default hyperparameters"
6d50de52,2026-08-22T12:16:37+00:00,sahitya1179,random_stratified,1,mfcc40-d-dd-mean_std-trim,random-forest,"{""bootstrap"": true, ""ccp_alpha"": 0.0, ""class_weight"": null, ""criterion"": ""gini"", ""max_depth"": null, ""max_features"": ""sqrt"", ""max_leaf_nodes"": null, ""max_samples"": null, ""min_impurity_decrease"": 0.0, ""min_samples_leaf"": 1, ""min_samples_split"": 2, ""min_weight_fraction_leaf"": 0.0, ""monotonic_cst"": null, ""n_estimators"": 100, ""n_jobs"": -1, ""oob_score"": false, ""random_state"": 42, ""verbose"": 0, ""warm_start"": false}",0.621528,0.604252,"phase-5 floor, default hyperparameters"
a2e7a80b,2026-08-22T12:16:37+00:00,sahitya1179,random_stratified,2,mfcc40-d-dd-mean_std-trim,random-forest,"{""bootstrap"": true, ""ccp_alpha"": 0.0, ""class_weight"": null, ""criterion"": ""gini"", ""max_depth"": null, ""max_features"": ""sqrt"", ""max_leaf_nodes"": null, ""max_samples"": null, ""min_impurity_decrease"": 0.0, ""min_samples_leaf"": 1, ""min_samples_split"": 2, ""min_weight_fraction_leaf"": 0.0, ""monotonic_cst"": null, ""n_estimators"": 100, ""n_jobs"": -1, ""oob_score"": false, ""random_state"": 42, ""verbose"": 0, ""warm_start"": false}",0.607639,0.557404,"phase-5 floor, default hyperparameters"
6ff0f55e,2026-08-22T12:16:38+00:00,sahitya1179,random_stratified,3,mfcc40-d-dd-mean_std-trim,random-forest,"{""bootstrap"": true, ""ccp_alpha"": 0.0, ""class_weight"": null, ""criterion"": ""gini"", ""max_depth"": null, ""max_features"": ""sqrt"", ""max_leaf_nodes"": null, ""max_samples"": null, ""min_impurity_decrease"": 0.0, ""min_samples_leaf"": 1, ""min_samples_split"": 2, ""min_weight_fraction_leaf"": 0.0, ""monotonic_cst"": null, ""n_estimators"": 100, ""n_jobs"": -1, ""oob_score"": false, ""random_state"": 42, ""verbose"": 0, ""warm_start"": false}",0.548611,0.512253,"phase-5 floor, default hyperparameters"
08f1644b,2026-08-22T12:16:38+00:00,sahitya1179,random_stratified,4,mfcc40-d-dd-mean_std-trim,random-forest,"{""bootstrap"": true, ""ccp_alpha"": 0.0, ""class_weight"": null, ""criterion"": ""gini"", ""max_depth"": null, ""max_features"": ""sqrt"", ""max_leaf_nodes"": null, ""max_samples"": null, ""min_impurity_decrease"": 0.0, ""min_samples_leaf"": 1, ""min_samples_split"": 2, ""min_weight_fraction_leaf"": 0.0, ""monotonic_cst"": null, ""n_estimators"": 100, ""n_jobs"": -1, ""oob_score"": false, ""random_state"": 42, ""verbose"": 0, ""warm_start"": false}",0.586806,0.553437,"phase-5 floor, default hyperparameters"
116d0a03,2026-08-22T12:16:38+00:00,sahitya1179,random_stratified,pooled,mfcc40-d-dd-mean_std-trim,random-forest,"{""bootstrap"": true, ""ccp_alpha"": 0.0, ""class_weight"": null, ""criterion"": ""gini"", ""max_depth"": null, ""max_features"": ""sqrt"", ""max_leaf_nodes"": null, ""max_samples"": null, ""min_impurity_decrease"": 0.0, ""min_samples_leaf"": 1, ""min_samples_split"": 2, ""min_weight_fraction_leaf"": 0.0, ""monotonic_cst"": null, ""n_estimators"": 100, ""n_jobs"": -1, ""oob_score"": false, ""random_state"": 42, ""verbose"": 0, ""warm_start"": false}",0.585417,0.553646,"phase-5 floor, default hyperparameters (pooled out-of-fold)"
dac73728,2026-08-25T05:47:35+00:00,sahitya1179,speaker_independent,pooled,mfcc40-d-dd-mean_std-trim,svm-rbf,"{""n_features"": 240}",0.514583,0.498023,phase-4 ablation
be82f287,2026-08-25T05:47:42+00:00,sahitya1179,speaker_independent,pooled,mfcc40-d-dd-mean_std-trim-win25ms-hop10ms,svm-rbf,"{""n_features"": 240}",0.508333,0.485486,phase-4 ablation
3f21e504,2026-08-25T05:47:49+00:00,sahitya1179,speaker_independent,pooled,mfcc40-d-dd-mean_std-trim-win40ms-hop10ms,svm-rbf,"{""n_features"": 240}",0.505556,0.486727,phase-4 ablation
ea0088ea,2026-08-25T05:47:57+00:00,sahitya1179,speaker_independent,pooled,mfcc13-d-dd-mean_std-trim,svm-rbf,"{""n_features"": 78}",0.542361,0.530864,phase-4 ablation
5361f84e,2026-08-25T05:48:05+00:00,sahitya1179,speaker_independent,pooled,mfcc20-d-dd-mean_std-trim,svm-rbf,"{""n_features"": 120}",0.545139,0.53509,phase-4 ablation
732eae13,2026-08-25T05:48:11+00:00,sahitya1179,speaker_independent,pooled,mfcc40-mean_std-trim,svm-rbf,"{""n_features"": 80}",0.466667,0.434453,phase-4 ablation
f6a3ffbc,2026-08-25T05:48:18+00:00,sahitya1179,speaker_independent,pooled,mfcc40-d-mean_std-trim,svm-rbf,"{""n_features"": 160}",0.518056,0.501191,phase-4 ablation
bb5590ca,2026-08-25T05:48:26+00:00,sahitya1179,speaker_independent,pooled,mfcc40-d-dd-mean-trim,svm-rbf,"{""n_features"": 120}",0.447222,0.428726,phase-4 ablation
488a6b89,2026-08-25T05:48:34+00:00,sahitya1179,speaker_independent,pooled,mfcc40-d-dd-mean_std_min_max-trim,svm-rbf,"{""n_features"": 480}",0.511111,0.487678,phase-4 ablation
9282beaa,2026-08-25T05:48:43+00:00,sahitya1179,speaker_independent,pooled,mfcc40-d-dd-percentiles-trim,svm-rbf,"{""n_features"": 600}",0.54375,0.531463,phase-4 ablation
2f50048c,2026-08-25T05:48:43+00:00,sahitya1179,speaker_independent,pooled,mfcc40-d-dd-mean_std-trim-global,svm-rbf,"{""n_features"": 240}",0.514583,0.498023,phase-4 ablation
6d2d27bb,2026-08-25T05:48:44+00:00,sahitya1179,speaker_independent,pooled,mfcc40-d-dd-mean_std-trim-per_speaker,svm-rbf,"{""n_features"": 240}",0.577083,0.563363,phase-4 ablation
a8cda6b2,2026-08-25T05:48:52+00:00,sahitya1179,speaker_independent,pooled,mfcc40-d-dd-mean_std-notrim,svm-rbf,"{""n_features"": 240}",0.460417,0.423775,phase-4 ablation
baa6faae,2026-08-25T05:49:07+00:00,sahitya1179,speaker_independent,pooled,mfcc40-d-dd-mean_std-trim-chroma,svm-rbf,"{""n_features"": 264}",0.520833,0.503413,phase-4 ablation
625dc2ea,2026-08-25T05:49:16+00:00,sahitya1179,speaker_independent,pooled,mfcc40-d-dd-mean_std-trim-spectral_contrast,svm-rbf,"{""n_features"": 254}",0.527778,0.510541,phase-4 ablation
46a4562f,2026-08-25T05:49:33+00:00,sahitya1179,speaker_independent,pooled,mfcc40-d-dd-mean_std-trim-chroma+spectral_centroid+spectral_contrast+zcr,svm-rbf,"{""n_features"": 282}",0.538194,0.523778,phase-4 ablation
affeeb47,2026-08-25T05:49:39+00:00,sahitya1179,speaker_independent,pooled,mfcc40-d-dd-mean_std-trim-mel40,svm-rbf,"{""n_features"": 240}",0.509722,0.487786,phase-4 ablation
770c08c7,2026-08-25T05:49:48+00:00,sahitya1179,speaker_independent,pooled,mfcc40-d-dd-mean_std-trim-mel80,svm-rbf,"{""n_features"": 240}",0.524306,0.504841,phase-4 ablation
32dbfaf1,2026-08-25T05:49:57+00:00,sahitya1179,speaker_independent,pooled,mfcc40-d-dd-mean_std-trim-fmin50,svm-rbf,"{""n_features"": 240}",0.515972,0.504422,phase-4 ablation
3519adef,2026-08-25T05:50:43+00:00,sahitya1179,speaker_independent,pooled,mfcc40-d-dd-mean_std-trim-per_speaker,svm-rbf,"{""n_features"": 240}",0.577083,0.563363,phase-4 combination follow-up
0129d1a5,2026-08-25T05:50:44+00:00,sahitya1179,speaker_independent,pooled,mfcc20-d-dd-mean_std-trim-per_speaker,svm-rbf,"{""n_features"": 120}",0.602778,0.593409,phase-4 combination follow-up
a9b806d6,2026-08-25T05:50:53+00:00,sahitya1179,speaker_independent,pooled,mfcc20-d-dd-percentiles-trim-per_speaker,svm-rbf,"{""n_features"": 300}",0.614583,0.604044,phase-4 combination follow-up
db5aaf11,2026-08-25T05:50:54+00:00,sahitya1179,speaker_independent,pooled,mfcc40-d-dd-percentiles-trim-per_speaker,svm-rbf,"{""n_features"": 600}",0.575,0.559677,phase-4 combination follow-up
efb2d2bf,2026-08-25T05:51:11+00:00,sahitya1179,speaker_independent,pooled,mfcc20-d-dd-mean_std-trim-chroma+spectral_centroid+spectral_contrast+zcr-per_speaker,svm-rbf,"{""n_features"": 162}",0.638889,0.631106,phase-4 combination follow-up
33f7d98c,2026-08-25T05:51:45+00:00,sahitya1179,speaker_independent,0,mfcc20-d-dd-mean_std-trim-chroma+spectral_centroid+spectral_contrast+zcr-per_speaker,svm-rbf,"{""C"": 1.0, ""break_ties"": false, ""cache_size"": 200, ""class_weight"": null, ""coef0"": 0.0, ""decision_function_shape"": ""ovr"", ""degree"": 3, ""gamma"": ""scale"", ""kernel"": ""rbf"", ""max_iter"": -1, ""probability"": ""deprecated"", ""random_state"": 42, ""shrinking"": true, ""tol"": 0.001, ""verbose"": false}",0.62,0.611952,"phase-4 winner, default hyperparameters"
14d732ee,2026-08-25T05:51:45+00:00,sahitya1179,speaker_independent,1,mfcc20-d-dd-mean_std-trim-chroma+spectral_centroid+spectral_contrast+zcr-per_speaker,svm-rbf,"{""C"": 1.0, ""break_ties"": false, ""cache_size"": 200, ""class_weight"": null, ""coef0"": 0.0, ""decision_function_shape"": ""ovr"", ""degree"": 3, ""gamma"": ""scale"", ""kernel"": ""rbf"", ""max_iter"": -1, ""probability"": ""deprecated"", ""random_state"": 42, ""shrinking"": true, ""tol"": 0.001, ""verbose"": false}",0.63,0.622644,"phase-4 winner, default hyperparameters"
f4142a25,2026-08-25T05:51:45+00:00,sahitya1179,speaker_independent,2,mfcc20-d-dd-mean_std-trim-chroma+spectral_centroid+spectral_contrast+zcr-per_speaker,svm-rbf,"{""C"": 1.0, ""break_ties"": false, ""cache_size"": 200, ""class_weight"": null, ""coef0"": 0.0, ""decision_function_shape"": ""ovr"", ""degree"": 3, ""gamma"": ""scale"", ""kernel"": ""rbf"", ""max_iter"": -1, ""probability"": ""deprecated"", ""random_state"": 42, ""shrinking"": true, ""tol"": 0.001, ""verbose"": false}",0.693333,0.689512,"phase-4 winner, default hyperparameters"
2be6a6c3,2026-08-25T05:51:46+00:00,sahitya1179,speaker_independent,3,mfcc20-d-dd-mean_std-trim-chroma+spectral_centroid+spectral_contrast+zcr-per_speaker,svm-rbf,"{""C"": 1.0, ""break_ties"": false, ""cache_size"": 200, ""class_weight"": null, ""coef0"": 0.0, ""decision_function_shape"": ""ovr"", ""degree"": 3, ""gamma"": ""scale"", ""kernel"": ""rbf"", ""max_iter"": -1, ""probability"": ""deprecated"", ""random_state"": 42, ""shrinking"": true, ""tol"": 0.001, ""verbose"": false}",0.673333,0.665412,"phase-4 winner, default hyperparameters"
f24f681c,2026-08-25T05:51:46+00:00,sahitya1179,speaker_independent,4,mfcc20-d-dd-mean_std-trim-chroma+spectral_centroid+spectral_contrast+zcr-per_speaker,svm-rbf,"{""C"": 1.0, ""break_ties"": false, ""cache_size"": 200, ""class_weight"": null, ""coef0"": 0.0, ""decision_function_shape"": ""ovr"", ""degree"": 3, ""gamma"": ""scale"", ""kernel"": ""rbf"", ""max_iter"": -1, ""probability"": ""deprecated"", ""random_state"": 42, ""shrinking"": true, ""tol"": 0.001, ""verbose"": false}",0.5625,0.542567,"phase-4 winner, default hyperparameters"
712608c7,2026-08-25T05:51:46+00:00,sahitya1179,speaker_independent,pooled,mfcc20-d-dd-mean_std-trim-chroma+spectral_centroid+spectral_contrast+zcr-per_speaker,svm-rbf,"{""C"": 1.0, ""break_ties"": false, ""cache_size"": 200, ""class_weight"": null, ""coef0"": 0.0, ""decision_function_shape"": ""ovr"", ""degree"": 3, ""gamma"": ""scale"", ""kernel"": ""rbf"", ""max_iter"": -1, ""probability"": ""deprecated"", ""random_state"": 42, ""shrinking"": true, ""tol"": 0.001, ""verbose"": false}",0.638889,0.631106,"phase-4 winner, default hyperparameters (pooled out-of-fold)"
fb26a978,2026-08-25T05:51:46+00:00,sahitya1179,random_stratified,0,mfcc20-d-dd-mean_std-trim-chroma+spectral_centroid+spectral_contrast+zcr-per_speaker,svm-rbf,"{""C"": 1.0, ""break_ties"": false, ""cache_size"": 200, ""class_weight"": null, ""coef0"": 0.0, ""decision_function_shape"": ""ovr"", ""degree"": 3, ""gamma"": ""scale"", ""kernel"": ""rbf"", ""max_iter"": -1, ""probability"": ""deprecated"", ""random_state"": 42, ""shrinking"": true, ""tol"": 0.001, ""verbose"": false}",0.670139,0.661825,"phase-4 winner, default hyperparameters"
a5406fde,2026-08-25T05:51:46+00:00,sahitya1179,random_stratified,1,mfcc20-d-dd-mean_std-trim-chroma+spectral_centroid+spectral_contrast+zcr-per_speaker,svm-rbf,"{""C"": 1.0, ""break_ties"": false, ""cache_size"": 200, ""class_weight"": null, ""coef0"": 0.0, ""decision_function_shape"": ""ovr"", ""degree"": 3, ""gamma"": ""scale"", ""kernel"": ""rbf"", ""max_iter"": -1, ""probability"": ""deprecated"", ""random_state"": 42, ""shrinking"": true, ""tol"": 0.001, ""verbose"": false}",0.732639,0.732213,"phase-4 winner, default hyperparameters"
8fc42a78,2026-08-25T05:51:46+00:00,sahitya1179,random_stratified,2,mfcc20-d-dd-mean_std-trim-chroma+spectral_centroid+spectral_contrast+zcr-per_speaker,svm-rbf,"{""C"": 1.0, ""break_ties"": false, ""cache_size"": 200, ""class_weight"": null, ""coef0"": 0.0, ""decision_function_shape"": ""ovr"", ""degree"": 3, ""gamma"": ""scale"", ""kernel"": ""rbf"", ""max_iter"": -1, ""probability"": ""deprecated"", ""random_state"": 42, ""shrinking"": true, ""tol"": 0.001, ""verbose"": false}",0.777778,0.769776,"phase-4 winner, default hyperparameters"
2eb7d8ea,2026-08-25T05:51:46+00:00,sahitya1179,random_stratified,3,mfcc20-d-dd-mean_std-trim-chroma+spectral_centroid+spectral_contrast+zcr-per_speaker,svm-rbf,"{""C"": 1.0, ""break_ties"": false, ""cache_size"": 200, ""class_weight"": null, ""coef0"": 0.0, ""decision_function_shape"": ""ovr"", ""degree"": 3, ""gamma"": ""scale"", ""kernel"": ""rbf"", ""max_iter"": -1, ""probability"": ""deprecated"", ""random_state"": 42, ""shrinking"": true, ""tol"": 0.001, ""verbose"": false}",0.722222,0.71606,"phase-4 winner, default hyperparameters"
6da55e2f,2026-08-25T05:51:47+00:00,sahitya1179,random_stratified,4,mfcc20-d-dd-mean_std-trim-chroma+spectral_centroid+spectral_contrast+zcr-per_speaker,svm-rbf,"{""C"": 1.0, ""break_ties"": false, ""cache_size"": 200, ""class_weight"": null, ""coef0"": 0.0, ""decision_function_shape"": ""ovr"", ""degree"": 3, ""gamma"": ""scale"", ""kernel"": ""rbf"", ""max_iter"": -1, ""probability"": ""deprecated"", ""random_state"": 42, ""shrinking"": true, ""tol"": 0.001, ""verbose"": false}",0.732639,0.722263,"phase-4 winner, default hyperparameters"
96a88419,2026-08-25T05:51:47+00:00,sahitya1179,random_stratified,pooled,mfcc20-d-dd-mean_std-trim-chroma+spectral_centroid+spectral_contrast+zcr-per_speaker,svm-rbf,"{""C"": 1.0, ""break_ties"": false, ""cache_size"": 200, ""class_weight"": null, ""coef0"": 0.0, ""decision_function_shape"": ""ovr"", ""degree"": 3, ""gamma"": ""scale"", ""kernel"": ""rbf"", ""max_iter"": -1, ""probability"": ""deprecated"", ""random_state"": 42, ""shrinking"": true, ""tol"": 0.001, ""verbose"": false}",0.727083,0.719963,"phase-4 winner, default hyperparameters (pooled out-of-fold)"
01511c42,2026-08-25T05:51:47+00:00,sahitya1179,speaker_independent,0,mfcc20-d-dd-mean_std-trim-chroma+spectral_centroid+spectral_contrast+zcr-per_speaker,random-forest,"{""bootstrap"": true, ""ccp_alpha"": 0.0, ""class_weight"": null, ""criterion"": ""gini"", ""max_depth"": null, ""max_features"": ""sqrt"", ""max_leaf_nodes"": null, ""max_samples"": null, ""min_impurity_decrease"": 0.0, ""min_samples_leaf"": 1, ""min_samples_split"": 2, ""min_weight_fraction_leaf"": 0.0, ""monotonic_cst"": null, ""n_estimators"": 100, ""n_jobs"": -1, ""oob_score"": false, ""random_state"": 42, ""verbose"": 0, ""warm_start"": false}",0.53,0.517926,"phase-4 winner, default hyperparameters"
40e786ed,2026-08-25T05:51:47+00:00,sahitya1179,speaker_independent,1,mfcc20-d-dd-mean_std-trim-chroma+spectral_centroid+spectral_contrast+zcr-per_speaker,random-forest,"{""bootstrap"": true, ""ccp_alpha"": 0.0, ""class_weight"": null, ""criterion"": ""gini"", ""max_depth"": null, ""max_features"": ""sqrt"", ""max_leaf_nodes"": null, ""max_samples"": null, ""min_impurity_decrease"": 0.0, ""min_samples_leaf"": 1, ""min_samples_split"": 2, ""min_weight_fraction_leaf"": 0.0, ""monotonic_cst"": null, ""n_estimators"": 100, ""n_jobs"": -1, ""oob_score"": false, ""random_state"": 42, ""verbose"": 0, ""warm_start"": false}",0.583333,0.561099,"phase-4 winner, default hyperparameters"
51b54bb3,2026-08-25T05:51:47+00:00,sahitya1179,speaker_independent,2,mfcc20-d-dd-mean_std-trim-chroma+spectral_centroid+spectral_contrast+zcr-per_speaker,random-forest,"{""bootstrap"": true, ""ccp_alpha"": 0.0, ""class_weight"": null, ""criterion"": ""gini"", ""max_depth"": null, ""max_features"": ""sqrt"", ""max_leaf_nodes"": null, ""max_samples"": null, ""min_impurity_decrease"": 0.0, ""min_samples_leaf"": 1, ""min_samples_split"": 2, ""min_weight_fraction_leaf"": 0.0, ""monotonic_cst"": null, ""n_estimators"": 100, ""n_jobs"": -1, ""oob_score"": false, ""random_state"": 42, ""verbose"": 0, ""warm_start"": false}",0.626667,0.589055,"phase-4 winner, default hyperparameters"
13fda8df,2026-08-25T05:51:47+00:00,sahitya1179,speaker_independent,3,mfcc20-d-dd-mean_std-trim-chroma+spectral_centroid+spectral_contrast+zcr-per_speaker,random-forest,"{""bootstrap"": true, ""ccp_alpha"": 0.0, ""class_weight"": null, ""criterion"": ""gini"", ""max_depth"": null, ""max_features"": ""sqrt"", ""max_leaf_nodes"": null, ""max_samples"": null, ""min_impurity_decrease"": 0.0, ""min_samples_leaf"": 1, ""min_samples_split"": 2, ""min_weight_fraction_leaf"": 0.0, ""monotonic_cst"": null, ""n_estimators"": 100, ""n_jobs"": -1, ""oob_score"": false, ""random_state"": 42, ""verbose"": 0, ""warm_start"": false}",0.616667,0.595489,"phase-4 winner, default hyperparameters"
492983b7,2026-08-25T05:51:48+00:00,sahitya1179,speaker_independent,4,mfcc20-d-dd-mean_std-trim-chroma+spectral_centroid+spectral_contrast+zcr-per_speaker,random-forest,"{""bootstrap"": true, ""ccp_alpha"": 0.0, ""class_weight"": null, ""criterion"": ""gini"", ""max_depth"": null, ""max_features"": ""sqrt"", ""max_leaf_nodes"": null, ""max_samples"": null, ""min_impurity_decrease"": 0.0, ""min_samples_leaf"": 1, ""min_samples_split"": 2, ""min_weight_fraction_leaf"": 0.0, ""monotonic_cst"": null, ""n_estimators"": 100, ""n_jobs"": -1, ""oob_score"": false, ""random_state"": 42, ""verbose"": 0, ""warm_start"": false}",0.466667,0.455214,"phase-4 winner, default hyperparameters"
588550da,2026-08-25T05:51:48+00:00,sahitya1179,speaker_independent,pooled,mfcc20-d-dd-mean_std-trim-chroma+spectral_centroid+spectral_contrast+zcr-per_speaker,random-forest,"{""bootstrap"": true, ""ccp_alpha"": 0.0, ""class_weight"": null, ""criterion"": ""gini"", ""max_depth"": null, ""max_features"": ""sqrt"", ""max_leaf_nodes"": null, ""max_samples"": null, ""min_impurity_decrease"": 0.0, ""min_samples_leaf"": 1, ""min_samples_split"": 2, ""min_weight_fraction_leaf"": 0.0, ""monotonic_cst"": null, ""n_estimators"": 100, ""n_jobs"": -1, ""oob_score"": false, ""random_state"": 42, ""verbose"": 0, ""warm_start"": false}",0.56875,0.548837,"phase-4 winner, default hyperparameters (pooled out-of-fold)"
7a376782,2026-08-25T05:51:48+00:00,sahitya1179,random_stratified,0,mfcc20-d-dd-mean_std-trim-chroma+spectral_centroid+spectral_contrast+zcr-per_speaker,random-forest,"{""bootstrap"": true, ""ccp_alpha"": 0.0, ""class_weight"": null, ""criterion"": ""gini"", ""max_depth"": null, ""max_features"": ""sqrt"", ""max_leaf_nodes"": null, ""max_samples"": null, ""min_impurity_decrease"": 0.0, ""min_samples_leaf"": 1, ""min_samples_split"": 2, ""min_weight_fraction_leaf"": 0.0, ""monotonic_cst"": null, ""n_estimators"": 100, ""n_jobs"": -1, ""oob_score"": false, ""random_state"": 42, ""verbose"": 0, ""warm_start"": false}",0.597222,0.580038,"phase-4 winner, default hyperparameters"
3fd7a6cd,2026-08-25T05:51:48+00:00,sahitya1179,random_stratified,1,mfcc20-d-dd-mean_std-trim-chroma+spectral_centroid+spectral_contrast+zcr-per_speaker,random-forest,"{""bootstrap"": true, ""ccp_alpha"": 0.0, ""class_weight"": null, ""criterion"": ""gini"", ""max_depth"": null, ""max_features"": ""sqrt"", ""max_leaf_nodes"": null, ""max_samples"": null, ""min_impurity_decrease"": 0.0, ""min_samples_leaf"": 1, ""min_samples_split"": 2, ""min_weight_fraction_leaf"": 0.0, ""monotonic_cst"": null, ""n_estimators"": 100, ""n_jobs"": -1, ""oob_score"": false, ""random_state"": 42, ""verbose"": 0, ""warm_start"": false}",0.652778,0.644298,"phase-4 winner, default hyperparameters"
7f9bf78e,2026-08-25T05:51:48+00:00,sahitya1179,random_stratified,2,mfcc20-d-dd-mean_std-trim-chroma+spectral_centroid+spectral_contrast+zcr-per_speaker,random-forest,"{""bootstrap"": true, ""ccp_alpha"": 0.0, ""class_weight"": null, ""criterion"": ""gini"", ""max_depth"": null, ""max_features"": ""sqrt"", ""max_leaf_nodes"": null, ""max_samples"": null, ""min_impurity_decrease"": 0.0, ""min_samples_leaf"": 1, ""min_samples_split"": 2, ""min_weight_fraction_leaf"": 0.0, ""monotonic_cst"": null, ""n_estimators"": 100, ""n_jobs"": -1, ""oob_score"": false, ""random_state"": 42, ""verbose"": 0, ""warm_start"": false}",0.670139,0.642553,"phase-4 winner, default hyperparameters"
bbd2b791,2026-08-25T05:51:49+00:00,sahitya1179,random_stratified,3,mfcc20-d-dd-mean_std-trim-chroma+spectral_centroid+spectral_contrast+zcr-per_speaker,random-forest,"{""bootstrap"": true, ""ccp_alpha"": 0.0, ""class_weight"": null, ""criterion"": ""gini"", ""max_depth"": null, ""max_features"": ""sqrt"", ""max_leaf_nodes"": null, ""max_samples"": null, ""min_impurity_decrease"": 0.0, ""min_samples_leaf"": 1, ""min_samples_split"": 2, ""min_weight_fraction_leaf"": 0.0, ""monotonic_cst"": null, ""n_estimators"": 100, ""n_jobs"": -1, ""oob_score"": false, ""random_state"": 42, ""verbose"": 0, ""warm_start"": false}",0.659722,0.650458,"phase-4 winner, default hyperparameters"
e22493fd,2026-08-25T05:51:49+00:00,sahitya1179,random_stratified,4,mfcc20-d-dd-mean_std-trim-chroma+spectral_centroid+spectral_contrast+zcr-per_speaker,random-forest,"{""bootstrap"": true, ""ccp_alpha"": 0.0, ""class_weight"": null, ""criterion"": ""gini"", ""max_depth"": null, ""max_features"": ""sqrt"", ""max_leaf_nodes"": null, ""max_samples"": null, ""min_impurity_decrease"": 0.0, ""min_samples_leaf"": 1, ""min_samples_split"": 2, ""min_weight_fraction_leaf"": 0.0, ""monotonic_cst"": null, ""n_estimators"": 100, ""n_jobs"": -1, ""oob_score"": false, ""random_state"": 42, ""verbose"": 0, ""warm_start"": false}",0.663194,0.634312,"phase-4 winner, default hyperparameters"
9ebd54e9,2026-08-25T05:51:49+00:00,sahitya1179,random_stratified,pooled,mfcc20-d-dd-mean_std-trim-chroma+spectral_centroid+spectral_contrast+zcr-per_speaker,random-forest,"{""bootstrap"": true, ""ccp_alpha"": 0.0, ""class_weight"": null, ""criterion"": ""gini"", ""max_depth"": null, ""max_features"": ""sqrt"", ""max_leaf_nodes"": null, ""max_samples"": null, ""min_impurity_decrease"": 0.0, ""min_samples_leaf"": 1, ""min_samples_split"": 2, ""min_weight_fraction_leaf"": 0.0, ""monotonic_cst"": null, ""n_estimators"": 100, ""n_jobs"": -1, ""oob_score"": false, ""random_state"": 42, ""verbose"": 0, ""warm_start"": false}",0.648611,0.630862,"phase-4 winner, default hyperparameters (pooled out-of-fold)"
